{"cameraMode":{"drawMode":0,"name":"Shaded","section":"Shading Mode"},"sceneLighting":true,"audioPlay":false,"sceneViewState":{"m_AlwaysRefresh":false,"showFog":true,"showSkybox":true,"showFlares":true,"showImageEffects":true,"showParticleSystems":true,"showVisualEffectGraphs":true,"m_FxEnabled":true},"in2DMode":false,"pivot":{"x":-0.6386418342590332,"y":28.87530517578125,"z":-2.971691131591797},"rotation":{"x":-0.4712713062763214,"y":0.05366059020161629,"z":0.028660427778959276,"w":0.8799494504928589},"size":10.854043006896973,"orthographic":false}