{"cameraMode":{"drawMode":0,"name":"Shaded","section":"Shading Mode"},"sceneLighting":true,"audioPlay":false,"sceneViewState":{"m_AlwaysRefresh":false,"showFog":true,"showSkybox":true,"showFlares":true,"showImageEffects":true,"showParticleSystems":true,"showVisualEffectGraphs":true,"m_FxEnabled":true},"in2DMode":false,"pivot":{"x":-5.144746780395508,"y":-3.135073661804199,"z":18.84273338317871},"rotation":{"x":0.09158008545637131,"y":-0.048418737947940829,"z":0.004396871197968721,"w":0.9946619272232056},"size":10.854043006896973,"orthographic":false}